quality,subgroup,size_sg,size_dataset,positives_sg,positives_dataset,size_complement,relative_size_sg,relative_size_complement,coverage_sg,coverage_complement,target_share_sg,target_share_complement,target_share_dataset,lift,ano
0.007710145461726031,tipo_pista=='simples' AND uso_solo=='não',46423,127632,2962,5438,81209,0.3637253980193055,0.6362746019806945,0.5446855461566752,0.45531445384332475,0.06380457962647826,0.030489231489120663,0.04260686975053278,1.497518592660293,2007
0.007662563911494072,tipo_acidente=='colisão frontal',4577,127632,1173,5438,123055,0.03586091262379341,0.9641390873762066,0.21570430305259286,0.7842956969474071,0.2562814070351759,0.03465929868757873,0.04260686975053278,6.015025476777045,2007
0.007300563771989951,tipo_acidente=='colisão frontal' AND tipo_pista=='simples',3995,127632,1102,5438,123637,0.03130092766704275,0.9686990723329573,0.20264803236484003,0.79735196763516,0.2758448060075094,0.035070407725842585,0.04260686975053278,6.474186149384045,2007
0.006846200298946159,tipo_pista=='simples',71613,127632,3925,5438,56019,0.5610896953742008,0.43891030462579916,0.7217727105553512,0.27822728944464875,0.054808484493038975,0.027008693478998196,0.04260686975053278,1.2863766996718555,2007
0.006823354156645259,tipo_acidente=='atropelamento de pedestre',3852,127632,1035,5438,123780,0.030180518992102293,0.9698194810078977,0.19032732622287607,0.8096726737771239,0.26869158878504673,0.03557117466472774,0.04260686975053278,6.3062973261885045,2007
0.006438033839579125,fase_dia=='plena noite',42864,127632,2648,5438,84768,0.3358405415569763,0.6641594584430237,0.48694372931224716,0.5130562706877528,0.06177678238148563,0.03291336353340883,0.04260686975053278,1.4499253933272847,2007
0.006304122745734341,fase_dia=='plena noite' AND tipo_pista=='simples',24747,127632,1859,5438,102885,0.19389338097028957,0.8061066190297104,0.341853622655388,0.658146377344612,0.07512021659191014,0.03478641201341304,0.04260686975053278,1.7631010452480094,2007
0.006290300093604641,tipo_acidente=='colisão frontal' AND uso_solo=='não',2914,127632,927,5438,124718,0.022831264886548828,0.9771687351134511,0.17046708348657594,0.8295329165134241,0.3181194234728895,0.03616959861447425,0.04260686975053278,7.466388057501257,2007
0.006254271081029957,uso_solo=='não',65195,127632,3576,5438,62437,0.5108045004387615,0.48919549956123853,0.6575947039352703,0.3424052960647297,0.05485083211902753,0.02982206063712222,0.04260686975053278,1.2873706151187425,2007
0.006153483400565457,tipo_pista=='simples' AND tracado_via=='reta',48387,127632,2847,5438,79245,0.3791133884919142,0.6208866115080858,0.5235380654652446,0.47646193453475544,0.058838117676235355,0.032696069152627925,0.04260686975053278,1.3809537762510613,2007
0.006138508870989552,causa_acidente=='outras' AND tipo_pista=='simples',24140,127632,1812,5438,103492,0.18913752037106682,0.8108624796289332,0.3332107392423685,0.6667892607576315,0.07506213753106876,0.03503652456228501,0.04260686975053278,1.7617379068343817,2007
0.006105894852143942,tipo_pista=='simples' AND tracado_via=='reta' AND uso_solo=='não',30340,127632,2072,5438,97292,0.23771467970414942,0.7622853202958506,0.38102243471864655,0.6189775652813534,0.06829268292682927,0.03459688360810755,0.04260686975053278,1.6028561433095023,2007
0.006079834944757578,tipo_acidente=='colisão frontal' AND tipo_pista=='simples' AND uso_solo=='não',2723,127632,892,5438,124909,0.021334774978061927,0.9786652250219381,0.16403089371092314,0.8359691062890768,0.32757987513771575,0.03639449519250014,0.04260686975053278,7.688428581018194,2007
0.006010064222616391,tipo_acidente=='atropelamento de pedestre' AND tracado_via=='reta',3331,127632,909,5438,124301,0.02609847060298358,0.9739015293970165,0.16715704303052592,0.8328429569694741,0.2728910237166016,0.036435748706768245,0.04260686975053278,6.404859716623262,2007
0.005657095553675071,fase_dia=='plena noite' AND tracado_via=='reta',31614,127632,2069,5438,96018,0.247696502444528,0.752303497555472,0.3804707613093049,0.6195292386906951,0.06544568861896628,0.03508717115540836,0.04260686975053278,1.536036066534738,2007
0.005574366517202232,tipo_acidente=='colisão frontal' AND tracado_via=='reta',3181,127632,847,5438,124451,0.024923216748150935,0.9750767832518491,0.15575579257079808,0.8442442074292019,0.2662684690348947,0.03689002097210951,0.04260686975053278,6.249425752089313,2007
0.005545034526484087,fase_dia=='plena noite' AND uso_solo=='não',22585,127632,1670,5438,105047,0.17695405540930173,0.8230459445906982,0.3070981978668628,0.6929018021331372,0.07394288244410006,0.03586965834340819,0.04260686975053278,1.7354685494860942,2007
0.0055445975693501045,regiao=='nordeste' AND tipo_pista=='simples',17282,127632,1444,5438,110350,0.13540491412811834,0.8645950858718816,0.2655388010297904,0.7344611989702097,0.08355514408054623,0.0361939284096058,0.04260686975053278,1.9610721127782782,2007
0.005410899858899213,tracado_via=='reta' AND uso_solo=='não',42655,127632,2508,5438,84977,0.3342030211859095,0.6657969788140905,0.4611989702096359,0.5388010297903641,0.058797327394209356,0.03447991809548466,0.04260686975053278,1.3799964122798325,2007
0.005366668968162496,causa_acidente=='outras',45956,127632,2643,5438,81676,0.36006644101792656,0.6399335589820735,0.48602427363001105,0.513975726369989,0.05751153277047611,0.03422057887261864,0.04260686975053278,1.349818306465871,2007
0.015580755447311056,tipo_pista=='simples' AND uso_solo=='não',23860,72529,2844,5210,48669,0.32897185953204927,0.6710281404679508,0.545873320537428,0.45412667946257196,0.11919530595138307,0.048614107542789047,0.07183333563126473,1.659331352274062,2025
0.014553927704000281,tipo_acidente=='colisão frontal',4739,72529,1396,5210,67790,0.0653393814887838,0.9346606185112162,0.2679462571976967,0.7320537428023033,0.2945769149609622,0.0562619855435905,0.07183333563126473,4.100838592169603,2025
0.014073184385086828,tipo_acidente=='colisão frontal' AND tipo_pista=='simples',4236,72529,1325,5210,68293,0.058404224517089716,0.9415957754829103,0.2543186180422265,0.7456813819577736,0.312795089707271,0.056887235880690556,0.07183333563126473,4.354455865907612,2025
0.012942572289905854,tipo_acidente=='colisão frontal' AND uso_solo=='não',3359,72529,1180,5210,69170,0.046312509478967034,0.953687490521033,0.22648752399232247,0.7735124760076776,0.35129502828222686,0.05826225242157004,0.07183333563126473,4.890417870687454,2025
0.012808845475868719,tipo_pista=='simples',34733,72529,3424,5210,37796,0.4788843083456273,0.5211156916543728,0.6571976967370442,0.34280230326295585,0.09858060058157948,0.04725367763784528,0.07183333563126473,1.3723517043342377,2025
0.012573538301469034,tipo_acidente=='colisão frontal' AND tipo_pista=='simples' AND uso_solo=='não',3133,72529,1137,5210,69396,0.04319651449764922,0.9568034855023508,0.2182341650671785,0.7817658349328215,0.3629109479731886,0.058692143639402845,0.07183333563126473,5.052124404135777,2025
0.01116505542014681,causa_acidente=='outras' AND uso_solo=='não',12518,72529,1709,5210,60011,0.17259303175281612,0.8274069682471838,0.32802303262955856,0.6719769673704414,0.13652340629493528,0.05833930446084885,0.07183333563126473,1.9005577994559235,2025
0.010987870204991992,uso_solo=='não',41444,72529,3774,5210,31085,0.5714128141846709,0.42858718581532906,0.7243761996161229,0.2756238003838772,0.09106263874143422,0.046195914428180794,0.07183333563126473,1.2676933061952942,2025
0.010616587362015269,condicao_metereologica=='céu claro' AND tipo_pista=='simples' AND uso_solo=='não',15327,72529,1871,5210,57202,0.21132236760468226,0.7886776323953177,0.35911708253358926,0.6408829174664108,0.12207216024009918,0.05837208489213664,0.07183333563126473,1.6993803666130813,2025
0.01045952169604003,causa_acidente=='outras' AND tipo_pista=='simples' AND uso_solo=='não',7648,72529,1308,5210,64881,0.10544747618194102,0.8945525238180589,0.2510556621880998,0.7489443378119002,0.17102510460251047,0.060140873291102175,0.07183333563126473,2.3808598486977894,2025
0.010352612519915648,fase_dia=='plena noite' AND uso_solo=='não',14452,72529,1789,5210,58077,0.1992582277433854,0.8007417722566146,0.3433781190019194,0.6566218809980806,0.1237890949349571,0.05890455774230763,0.07183333563126473,1.7232820089323424,2025
0.010228985781158276,fase_dia=='plena noite',24781,72529,2522,5210,47748,0.34167022846034,0.65832977153966,0.48406909788867564,0.5159309021113244,0.1017715185020782,0.05629555164614225,0.07183333563126473,1.41677283405705,2025
0.01012932502630241,causa_acidente=='outras' AND fase_dia=='plena noite',8051,72529,1313,5210,64478,0.11100387431234403,0.888996125687656,0.25201535508637235,0.7479846449136276,0.16308533101478076,0.060439219578771054,0.07183333563126473,2.2703293614531734,2025
0.010071456086955487,fase_dia=='plena noite' AND tipo_pista=='simples',12244,72529,1610,5210,60285,0.16881523252767858,0.8311847674723214,0.30902111324376197,0.690978886756238,0.13149297615158445,0.05971634735008709,0.07183333563126473,1.8305286117655026,2025
0.009929204916597264,causa_acidente=='outras' AND tipo_pista=='simples',13028,72529,1656,5210,59501,0.17962470184340057,0.8203752981565994,0.31785028790786946,0.6821497120921305,0.12711083819465765,0.05973008856994,0.07183333563126473,1.769524373017337,2025
0.009860815786287292,causa_acidente=='outras',25459,72529,2544,5210,47070,0.35101821340429346,0.6489817865957066,0.48829174664107483,0.5117082533589251,0.0999253702030716,0.05663904822604631,0.07183333563126473,1.3910723945218004,2025
0.009738713440138163,fase_dia=='plena noite' AND tipo_pista=='simples' AND uso_solo=='não',8515,72529,1318,5210,64014,0.11740131533593459,0.8825986846640654,0.25297504798464493,0.7470249520153551,0.15478567234292426,0.06079920017496173,0.07183333563126473,2.154788873197688,2025
0.009551788384644667,condicao_metereologica=='céu claro' AND tipo_acidente=='colisão frontal',3010,72529,909,5210,69519,0.0415006411228612,0.9584993588771388,0.1744721689059501,0.8255278310940499,0.30199335548172757,0.061867978538241344,0.07183333563126473,4.204083700524802,2025
0.009408726067851808,tipo_acidente=='atropelamento de pedestre',3057,72529,902,5210,69472,0.042148657778268005,0.957851342221732,0.1731285988483685,0.8268714011516315,0.29506051684658163,0.062010594196222936,0.07183333563126473,4.107570868784207,2025
0.009236392713594874,condicao_metereologica=='céu claro' AND tipo_acidente=='colisão frontal' AND tipo_pista=='simples',2702,72529,864,5210,69827,0.0372540638916847,0.9627459361083153,0.1658349328214971,0.8341650671785029,0.31976313841598814,0.06223953485041603,0.07183333563126473,4.451458861069713,2025
